Model,Accuracy,AUC,Precision,Recall,F1,MCC
Logistic Regression,0.8924324924991666,0.9485510072867553,0.7613981762917933,0.7515,0.7564167086059386,0.6874202027599203
Decision Tree,0.9204356039559951,0.9597105300757252,0.8862815884476535,0.7365,0.8044784270890224,0.7601656898166422
KNN,0.8899877764196021,0.9241445206458065,0.767762460233298,0.724,0.7452393206381883,0.6756360698105159
Naive Bayes,0.7311923547060785,0.9392434633519073,0.45252662587808745,0.9985,0.6227974426945267,0.5433339827502216
Random Forest,0.9245471719079897,0.9719584226318045,0.8905972797161443,0.753,0.8160390138173936,0.7732821409479768
XGBoost,0.9284364929436604,0.9755428632661808,0.8834841628959276,0.781,0.8290870488322718,0.7864308028966234
