Model,Accuracy,AUC,Precision,Recall,F1,MCC
Logistic Regression,0.8924324924991666,0.9485531504500643,0.7613981762917933,0.7515,0.7564167086059386,0.6874202027599203
Decision Tree,0.9202133570396711,0.9596602371767395,0.8852163461538461,0.7365,0.8040393013100436,0.7595062678400036
KNN,0.8905433937104122,0.9241610587226747,0.7692307692307693,0.725,0.7464607464607464,0.6772273831127044
Naive Bayes,0.7311923547060785,0.9392434633519073,0.45252662587808745,0.9985,0.6227974426945267,0.5433339827502216
Random Forest,0.9245471719079897,0.9719545649378483,0.8905972797161443,0.753,0.8160390138173936,0.7732821409479768
XGBoost,0.9284364929436604,0.9755428632661808,0.8834841628959276,0.781,0.8290870488322718,0.7864308028966234
