Model,Accuracy,AUC,Precision,Recall,F1,MCC
Logistic Regression,0.8926666666666667,0.9507234285714288,0.762970498474059,0.75,0.75642965204236,0.6876448742304018
Decision Tree,0.9204444444444444,0.9604662857142858,0.8876811594202898,0.735,0.8041575492341356,0.7600874919192275
KNN,0.8884444444444445,0.9291884285714285,0.7671673819742489,0.715,0.7401656314699793,0.6699259864604553
Naive Bayes,0.7282222222222222,0.94027,0.449842555105713,1.0,0.6205398696866273,0.5409757052838373
Random Forest,0.9211111111111111,0.974214,0.8780773739742087,0.749,0.8084187803561792,0.7629446989191693
XGBoost,0.9311111111111111,0.9787782857142856,0.8867713004484304,0.791,0.8361522198731501,0.7947942459481515
